{
  "parent": "minecraft:recipes/root",
  "criteria": {
    "has_diamond": {
      "conditions": {
        "items": [
          {
            "items": [
              "minecraft:diamond"
            ]
          }
        ]
      },
      "trigger": "minecraft:inventory_changed"
    },
    "has_the_recipe": {
      "conditions": {
        "recipe": "minecraft:diamond_shovel"
      },
      "trigger": "minecraft:recipe_unlocked"
    }
  },
  "requirements": [
    [
      "has_diamond",
      "has_the_recipe"
    ]
  ],
  "rewards": {
    "recipes": [
      "minecraft:diamond_shovel"
    ]
  },
  "sends_telemetry_event": false
}