{"stats":{"minecraft:picked_up":{"minecraft:cobblestone":1004,"minecraft:diamond_pickaxe":2},"minecraft:custom":{"minecraft:jump":35,"minecraft:open_chest":3,"minecraft:time_since_rest":25449,"minecraft:leave_game":1,"minecraft:sprint_one_cm":6441,"minecraft:play_time":25449,"minecraft:walk_on_water_one_cm":1700,"minecraft:time_since_death":25449,"minecraft:walk_one_cm":1576,"minecraft:total_world_time":25449,"minecraft:walk_under_water_one_cm":661,"minecraft:swim_one_cm":428,"minecraft:drop":1,"minecraft:fall_one_cm":435,"minecraft:fly_one_cm":3967},"minecraft:used":{"minecraft:diamond_pickaxe":1507},"minecraft:mined":{"minecraft:cobblestone":1507},"minecraft:dropped":{"minecraft:diamond_pickaxe":1}},"DataVersion":3463}