{
  "parent": "minecraft:recipes/root",
  "criteria": {
    "has_planks": {
      "conditions": {
        "items": [
          {
            "items": [
              "minecraft:bamboo_planks"
            ]
          }
        ]
      },
      "trigger": "minecraft:inventory_changed"
    },
    "has_the_recipe": {
      "conditions": {
        "recipe": "minecraft:bamboo_trapdoor"
      },
      "trigger": "minecraft:recipe_unlocked"
    }
  },
  "requirements": [
    [
      "has_planks",
      "has_the_recipe"
    ]
  ],
  "rewards": {
    "recipes": [
      "minecraft:bamboo_trapdoor"
    ]
  },
  "sends_telemetry_event": false
}