{
  "parent": "minecraft:recipes/root",
  "criteria": {
    "has_cobblestone": {
      "conditions": {
        "items": [
          {
            "items": [
              "minecraft:cobblestone"
            ]
          }
        ]
      },
      "trigger": "minecraft:inventory_changed"
    },
    "has_the_recipe": {
      "conditions": {
        "recipe": "minecraft:lever"
      },
      "trigger": "minecraft:recipe_unlocked"
    }
  },
  "requirements": [
    [
      "has_cobblestone",
      "has_the_recipe"
    ]
  ],
  "rewards": {
    "recipes": [
      "minecraft:lever"
    ]
  },
  "sends_telemetry_event": false
}